Epoch,Batch,Loss
0,0,55.491031646728516
0,1,46.866310119628906
0,2,35.538330078125
0,3,28.47353172302246
0,4,24.924182891845703
0,5,20.893905639648438
0,6,17.581838607788086
0,7,15.53280258178711
0,8,12.625576972961426
0,9,11.545281410217285
0,10,9.852367401123047
0,11,9.003829002380371
0,12,7.694831371307373
0,13,7.088583469390869
0,14,6.774084568023682
0,15,6.197099208831787
0,16,5.969676971435547
0,17,5.772666931152344
0,18,5.247019290924072
0,19,4.726298809051514
0,20,4.321691036224365
0,21,4.024599075317383
0,22,3.782130479812622
0,23,3.607712745666504
0,24,3.647564649581909
0,25,3.032515048980713
0,26,2.8790647983551025
0,27,2.7277750968933105
0,28,2.548680305480957
0,29,2.5337860584259033
0,30,2.4767017364501953
0,31,2.4338319301605225
0,32,2.869232654571533
0,33,2.5023257732391357
0,34,2.424003839492798
0,35,2.3710780143737793
0,36,2.2841172218322754
0,37,2.1175894737243652
0,38,2.0947277545928955
0,39,2.0399746894836426
0,40,2.0997393131256104
0,41,1.9089577198028564
0,42,1.8483561277389526
0,43,1.7323116064071655
0,44,1.664343237876892
0,45,1.582916259765625
0,46,1.564629077911377
0,47,1.5392968654632568
0,48,1.6910656690597534
0,49,1.49245285987854
0,50,1.4170283079147339
0,51,1.4518375396728516
0,52,1.437535285949707
0,53,1.4467381238937378
0,54,1.4822379350662231
0,55,1.434709072113037
0,56,1.5074069499969482
0,57,1.4570732116699219
0,58,1.3893659114837646
0,59,1.2950483560562134
0,60,1.2724756002426147
0,61,1.3445185422897339
0,62,1.2896678447723389
0,63,1.2431800365447998
0,64,1.246415615081787
0,65,1.262689232826233
0,66,1.1988106966018677
0,67,1.1400165557861328
0,68,1.1570088863372803
0,69,1.140373945236206
0,70,1.1121066808700562
0,71,1.0871750116348267
0,72,1.131597876548767
0,73,1.1123974323272705
0,74,1.053749680519104
0,75,1.054847002029419
0,76,1.0383121967315674
0,77,1.006975769996643
0,78,1.016617774963379
0,79,0.9963197708129883
0,80,1.0484620332717896
0,81,1.0004748106002808
0,82,0.9756009578704834
0,83,0.9674409031867981
0,84,0.9874523878097534
0,85,0.9750582575798035
0,86,0.9594112634658813
0,87,0.9519186019897461
0,88,0.9991201162338257
0,89,1.0543874502182007
0,90,0.9901907444000244
0,91,0.9598522186279297
0,92,0.9651197195053101
0,93,0.9364616274833679
0,94,0.9389642477035522
0,95,0.9152178764343262
0,96,0.8824687004089355
0,97,0.8586574196815491
0,98,0.8569597601890564
0,99,0.8542890548706055
0,100,0.8656033873558044
0,101,0.8611565828323364
0,102,0.871044397354126
0,103,0.8684479594230652
0,104,0.8557295203208923
0,105,0.8900362253189087
0,106,0.8622499704360962
0,107,0.8687812089920044
0,108,0.8642784357070923
0,109,0.8652341365814209
0,110,0.8614082932472229
0,111,0.8627861738204956
0,112,0.8229188323020935
0,113,0.8721118569374084
0,114,0.8515238165855408
0,115,0.8407366871833801
0,116,0.8466707468032837
0,117,0.8425725102424622
0,118,0.8296810984611511
0,119,0.8230916261672974
0,120,0.8044860363006592
0,121,0.8367211222648621
0,122,0.8337224125862122
0,123,0.8399373292922974
0,124,0.8404964208602905
0,125,0.8411417007446289
0,126,0.8370378613471985
0,127,0.8308336138725281
0,128,0.8680492043495178
0,129,0.8330355882644653
0,130,0.8037891387939453
0,131,0.8142904043197632
0,132,0.8276090621948242
0,133,0.8201259970664978
0,134,0.816113293170929
0,135,0.8065168857574463
0,136,0.8062883019447327
0,137,0.791846752166748
0,138,0.7816584706306458
0,139,0.7889891266822815
0,140,0.7818548679351807
0,141,0.7900893092155457
0,142,0.7920268774032593
0,143,0.791008472442627
0,144,0.7425434589385986
0,145,0.7641079425811768
0,146,0.7626343369483948
0,147,0.7765263915061951
0,148,0.7779759764671326
0,149,0.7835595011711121
0,150,0.7862478494644165
0,151,0.7802532315254211
0,152,0.7682052254676819
0,153,0.7594247460365295
0,154,0.7586008310317993
0,155,0.7620875835418701
0,156,0.7551602125167847
0,157,0.750328779220581
0,158,0.7491472959518433
0,159,0.7510190606117249
0,160,0.736641526222229
0,161,0.7479729652404785
0,162,0.7677333354949951
0,163,0.7678932547569275
0,164,0.7655248045921326
0,165,0.7591469287872314
0,166,0.7538179755210876
0,167,0.7526764869689941
0,168,0.7212831377983093
0,169,0.7476208209991455
0,170,0.7398783564567566
0,171,0.7435028553009033
0,172,0.7404666543006897
0,173,0.7430573105812073
0,174,0.7374826073646545
0,175,0.754772424697876
0,176,0.7456584572792053
0,177,0.7613683938980103
0,178,0.7502586841583252
0,179,0.741623044013977
0,180,0.7424739003181458
0,181,0.7439023852348328
0,182,0.7426842451095581
0,183,0.7356444001197815
0,184,0.7146520018577576
0,185,0.7379211187362671
0,186,0.7259944677352905
0,187,0.7312483191490173
0,188,0.7343101501464844
0,189,0.7318553328514099
0,190,0.7292003631591797
0,191,0.7289138436317444
0,192,0.7027884721755981
0,193,0.7225089073181152
0,194,0.7270019054412842
0,195,0.7282453775405884
0,196,0.7286617159843445
0,197,0.7283849716186523
0,198,0.7255423069000244
0,199,0.7263469696044922
0,200,0.7550538778305054
0,201,0.7291293740272522
0,202,0.7275344133377075
0,203,0.7187104225158691
0,204,0.716785192489624
0,205,0.7252406477928162
0,206,0.7271631956100464
0,207,0.7242156863212585
0,208,0.7144038081169128
0,209,0.7094032764434814
0,210,0.7153522968292236
0,211,0.7099259495735168
0,212,0.7094115614891052
0,213,0.7095556855201721
0,214,0.7093186378479004
0,215,0.7079092860221863
0,216,0.7379984259605408
0,217,0.7327398061752319
0,218,0.7230294346809387
0,219,0.7191784381866455
0,220,0.7120333313941956
0,221,0.7104592323303223
0,222,0.7074236869812012
0,223,0.7046235799789429
0,224,0.6996791362762451
0,225,0.6993906497955322
0,226,0.6960534453392029
0,227,0.6943403482437134
0,228,0.7022684812545776
0,229,0.703376054763794
0,230,0.7018892765045166
0,231,0.7049717903137207
0,232,0.6915864944458008
0,233,0.7009670734405518
0,234,0.6984730362892151
0,235,0.6976075172424316
0,236,0.6983686685562134
0,237,0.7005048990249634
0,238,0.6985568404197693
0,239,0.6951646208763123
0,240,0.7065435647964478
0,241,0.7022663354873657
0,242,0.6961696147918701
0,243,0.6924648284912109
0,244,0.6914463043212891
0,245,0.6928247809410095
0,246,0.6925098896026611
0,247,0.6913425922393799
0,248,0.6864997148513794
0,249,0.689287006855011
0,250,0.6887933015823364
0,251,0.6892196536064148
0,252,0.6870868802070618
0,253,0.6877021193504333
0,254,0.6849707365036011
0,255,0.6883611083030701
0,256,0.6809064149856567
0,257,0.6841838359832764
0,258,0.6855427622795105
0,259,0.6913419365882874
0,260,0.6895540952682495
0,261,0.6900964975357056
0,262,0.6914328932762146
0,263,0.6950339674949646
0,264,0.6954752206802368
0,265,0.6867915391921997
0,266,0.6818398833274841
0,267,0.6832361817359924
0,268,0.6873437762260437
0,269,0.6844673752784729
0,270,0.681364119052887
0,271,0.682228684425354
0,272,0.6831285357475281
0,273,0.6745359897613525
0,274,0.673640251159668
0,275,0.6739783883094788
0,276,0.6763083934783936
0,277,0.6776313781738281
0,278,0.6770544052124023
0,279,0.6773781180381775
0,280,0.6908237934112549
0,281,0.6891300678253174
0,282,0.6839845180511475
0,283,0.6838284730911255
0,284,0.681890606880188
0,285,0.6817206740379333
0,286,0.681334912776947
0,287,0.682485044002533
0,288,0.7078936100006104
1,0,0.6605467200279236
1,1,0.6740107536315918
1,2,0.6653673648834229
1,3,0.6801275610923767
1,4,0.6795378923416138
1,5,0.6822986602783203
1,6,0.6791580319404602
1,7,0.6768079996109009
1,8,0.6796388626098633
1,9,0.692978024482727
1,10,0.6873131394386292
1,11,0.6849253177642822
1,12,0.6803913116455078
1,13,0.6787126064300537
1,14,0.6780356168746948
1,15,0.6791803240776062
1,16,0.6661729216575623
1,17,0.6718564629554749
1,18,0.6753971576690674
1,19,0.6730808019638062
1,20,0.6778407096862793
1,21,0.6800217032432556
1,22,0.6797870993614197
1,23,0.6750847697257996
1,24,0.6824744939804077
1,25,0.6774833798408508
1,26,0.6724360585212708
1,27,0.6688187718391418
1,28,0.674799382686615
1,29,0.6693335175514221
1,30,0.6675689816474915
1,31,0.6664842367172241
1,32,0.6660003662109375
1,33,0.6740748882293701
1,34,0.673383891582489
1,35,0.6745545268058777
1,36,0.6754785776138306
1,37,0.6755579710006714
1,38,0.6744561791419983
1,39,0.670633852481842
1,40,0.6767352819442749
1,41,0.6752641797065735
1,42,0.6687438488006592
1,43,0.6691330671310425
1,44,0.6697190999984741
1,45,0.6714521050453186
1,46,0.6691760420799255
1,47,0.6677808165550232
1,48,0.6530036330223083
1,49,0.6604852080345154
1,50,0.6653668880462646
1,51,0.6619652509689331
1,52,0.6607232689857483
1,53,0.6575204133987427
1,54,0.6578060388565063
1,55,0.657586395740509
1,56,0.6653029918670654
1,57,0.6772888898849487
1,58,0.6833915114402771
1,59,0.6768394112586975
1,60,0.6787930727005005
1,61,0.6772963404655457
1,62,0.6772022247314453
1,63,0.6778596043586731
1,64,0.6623071432113647
1,65,0.6725694537162781
1,66,0.6628991961479187
1,67,0.6613432168960571
1,68,0.6652722358703613
1,69,0.6673736572265625
1,70,0.6705803275108337
1,71,0.6713094711303711
1,72,0.6818819046020508
1,73,0.668510913848877
1,74,0.6682807803153992
1,75,0.6619722843170166
1,76,0.661985456943512
1,77,0.6587607860565186
1,78,0.6571913361549377
1,79,0.6551138162612915
1,80,0.6536182165145874
1,81,0.6548995971679688
1,82,0.6505443453788757
1,83,0.650812029838562
1,84,0.6524414420127869
1,85,0.6507251858711243
1,86,0.6488239169120789
1,87,0.6490633487701416
1,88,0.6746227741241455
1,89,0.6636586785316467
1,90,0.6617051959037781
1,91,0.6627745628356934
1,92,0.6618407964706421
1,93,0.6708682179450989
1,94,0.6694592833518982
1,95,0.6683814525604248
1,96,0.6524457931518555
1,97,0.6425002813339233
1,98,0.6501739621162415
1,99,0.6514282822608948
1,100,0.653041422367096
1,101,0.6588442325592041
1,102,0.6564992070198059
1,103,0.6579702496528625
1,104,0.6516309976577759
1,105,0.6472412943840027
1,106,0.6450875401496887
1,107,0.654744029045105
1,108,0.6481239795684814
1,109,0.6462979912757874
1,110,0.6465709209442139
1,111,0.6468474268913269
1,112,0.6597808599472046
1,113,0.6551935076713562
1,114,0.6587575078010559
1,115,0.6554484963417053
1,116,0.6640582084655762
1,117,0.6617410778999329
1,118,0.6560477614402771
1,119,0.6578452587127686
1,120,0.6337339282035828
1,121,0.649555504322052
1,122,0.6520810723304749
1,123,0.6576156616210938
1,124,0.6564913392066956
1,125,0.6564221978187561
1,126,0.6555778384208679
1,127,0.6549186110496521
1,128,0.6560433506965637
1,129,0.6413325667381287
1,130,0.6444239020347595
1,131,0.6514661908149719
1,132,0.6586102247238159
1,133,0.6523465514183044
1,134,0.66019606590271
1,135,0.6583493947982788
1,136,0.6425668597221375
1,137,0.6418232917785645
1,138,0.6537420153617859
1,139,0.6602035760879517
1,140,0.6595298647880554
1,141,0.65427565574646
1,142,0.6520712375640869
1,143,0.6488435864448547
1,144,0.6142505407333374
1,145,0.6137702465057373
1,146,0.6186843514442444
1,147,0.6464884877204895
1,148,0.6392305493354797
1,149,0.6314305067062378
1,150,0.6379151344299316
1,151,0.6389510631561279
1,152,0.6486506462097168
1,153,0.6415191292762756
1,154,0.6541802287101746
1,155,0.6419957280158997
1,156,0.6356874704360962
1,157,0.6503115892410278
1,158,0.6479986906051636
1,159,0.6364573240280151
1,160,0.6702299118041992
1,161,0.6445106267929077
1,162,0.6379821300506592
1,163,0.6330515742301941
1,164,0.6366779804229736
1,165,0.6315896511077881
1,166,0.6325796842575073
1,167,0.6330804228782654
1,168,0.6098461151123047
1,169,0.6055188775062561
1,170,0.6204572916030884
1,171,0.6234005689620972
1,172,0.6380715370178223
1,173,0.6459944248199463
1,174,0.642166018486023
1,175,0.6374773383140564
1,176,0.651721715927124
1,177,0.6382256746292114
1,178,0.650316059589386
1,179,0.6393911838531494
1,180,0.6374001502990723
1,181,0.6417149901390076
1,182,0.6368856430053711
1,183,0.63151615858078
1,184,0.6200026273727417
1,185,0.6215972900390625
1,186,0.6383296847343445
1,187,0.6333052515983582
1,188,0.6381011009216309
1,189,0.6387631893157959
1,190,0.6337192058563232
1,191,0.6345366835594177
1,192,0.6112398505210876
1,193,0.6312260031700134
1,194,0.6379832625389099
1,195,0.6353221535682678
1,196,0.649345338344574
1,197,0.6437777280807495
1,198,0.6408953666687012
1,199,0.6335106492042542
1,200,0.59905606508255
1,201,0.626925528049469
1,202,0.6270200610160828
1,203,0.6246013641357422
1,204,0.6217384934425354
1,205,0.6222957968711853
1,206,0.633660078048706
1,207,0.6321189999580383
1,208,0.6229779720306396
1,209,0.6136286854743958
1,210,0.6202952265739441
1,211,0.6189809441566467
1,212,0.6244443655014038
1,213,0.6376068592071533
1,214,0.6340467929840088
1,215,0.6311542987823486
1,216,0.6155905723571777
1,217,0.6209399700164795
1,218,0.6195275783538818
1,219,0.6195554137229919
1,220,0.6183919310569763
1,221,0.6120895147323608
1,222,0.6056494116783142
1,223,0.6110489368438721
1,224,0.6674231886863708
1,225,0.654784619808197
1,226,0.6480502486228943
1,227,0.6479453444480896
1,228,0.6388974189758301
1,229,0.6461349725723267
1,230,0.6365378499031067
1,231,0.6264854669570923
1,232,0.6197603940963745
1,233,0.5980703830718994
1,234,0.6318041682243347
1,235,0.6203088760375977
1,236,0.6081224679946899
1,237,0.6029778718948364
1,238,0.6062837839126587
1,239,0.608908474445343
1,240,0.6556293964385986
1,241,0.6223767399787903
1,242,0.609349250793457
1,243,0.6024814248085022
1,244,0.5977636575698853
1,245,0.6087424159049988
1,246,0.6148442029953003
1,247,0.6078731417655945
1,248,0.601841151714325
1,249,0.6047080159187317
1,250,0.6060906052589417
1,251,0.5986326932907104
1,252,0.5990392565727234
1,253,0.5953284502029419
1,254,0.6005826592445374
1,255,0.6026014685630798
1,256,0.6026445627212524
1,257,0.5971351265907288
1,258,0.5992922782897949
1,259,0.5982531309127808
1,260,0.5921170115470886
1,261,0.5968136191368103
1,262,0.6041368842124939
1,263,0.604131281375885
1,264,0.5539892911911011
1,265,0.60093754529953
1,266,0.5954208970069885
1,267,0.5907706618309021
1,268,0.5967921614646912
1,269,0.5980350375175476
1,270,0.5985161662101746
1,271,0.5969204306602478
1,272,0.5843015313148499
1,273,0.6152622103691101
1,274,0.6133235692977905
1,275,0.6021612286567688
1,276,0.6103535294532776
1,277,0.6169574856758118
1,278,0.6123232245445251
1,279,0.6091861128807068
1,280,0.5900235772132874
1,281,0.591370165348053
1,282,0.5924359560012817
1,283,0.6097511649131775
1,284,0.6019558906555176
1,285,0.5979126691818237
1,286,0.5992668867111206
1,287,0.5950232744216919
1,288,0.5726900100708008
2,0,0.6380277276039124
2,1,0.5964093804359436
2,2,0.590901255607605
2,3,0.5813691020011902
2,4,0.580848217010498
2,5,0.587552547454834
2,6,0.5813741087913513
2,7,0.5840286016464233
2,8,0.6491168141365051
2,9,0.6296827793121338
2,10,0.6281871795654297
2,11,0.6133091449737549
2,12,0.6206995844841003
2,13,0.6085684895515442
2,14,0.6086699962615967
2,15,0.6116235256195068
2,16,0.5425987243652344
2,17,0.5668071508407593
2,18,0.6085093021392822
2,19,0.592276394367218
2,20,0.5820579528808594
2,21,0.5918480753898621
2,22,0.5834771394729614
2,23,0.5790685415267944
2,24,0.6561636328697205
2,25,0.6134018898010254
2,26,0.5916075706481934
2,27,0.6017732620239258
2,28,0.5890200734138489
2,29,0.587647020816803
2,30,0.5886021256446838
2,31,0.5807251930236816
2,32,0.6420618295669556
2,33,0.6123232841491699
2,34,0.6222469806671143
2,35,0.5938385128974915
2,36,0.5997967720031738
2,37,0.6084287762641907
2,38,0.6057533025741577
2,39,0.5892768502235413
2,40,0.6350905895233154
2,41,0.5873380899429321
2,42,0.6238080263137817
2,43,0.6273242235183716
2,44,0.6093130111694336
2,45,0.5950389504432678
2,46,0.6062054634094238
2,47,0.5996065139770508
2,48,0.575102686882019
2,49,0.5639806389808655
2,50,0.5789059400558472
2,51,0.5678760409355164
2,52,0.5612378716468811
2,53,0.5587323904037476
2,54,0.5723503828048706
2,55,0.581654965877533
2,56,0.5506988763809204
2,57,0.5725144147872925
2,58,0.563563883304596
2,59,0.5655598640441895
2,60,0.5564591288566589
2,61,0.5499772429466248
2,62,0.5522574782371521
2,63,0.5527616143226624
2,64,0.6060569286346436
2,65,0.6117445230484009
2,66,0.6032782196998596
2,67,0.598067045211792
2,68,0.5917274355888367
2,69,0.5852882862091064
2,70,0.5805467963218689
2,71,0.5792009830474854
2,72,0.5397728681564331
2,73,0.5639075636863708
2,74,0.5441263318061829
2,75,0.5452260971069336
2,76,0.5580713748931885
2,77,0.5620889663696289
2,78,0.5583053231239319
2,79,0.5547294616699219
2,80,0.517425000667572
2,81,0.5152362585067749
2,82,0.548154354095459
2,83,0.5418573021888733
2,84,0.5429399013519287
2,85,0.5507099032402039
2,86,0.5573455691337585
2,87,0.5539773106575012
2,88,0.4982117712497711
2,89,0.5084976553916931
2,90,0.54062420129776
2,91,0.5583199262619019
2,92,0.5527833700180054
2,93,0.5494884252548218
2,94,0.5558128356933594
2,95,0.5492934584617615
2,96,0.5217326879501343
2,97,0.5890770554542542
2,98,0.5549655556678772
2,99,0.5404325127601624
2,100,0.5392804741859436
2,101,0.5359538793563843
2,102,0.5278860330581665
2,103,0.5288941860198975
2,104,0.5419104695320129
2,105,0.5473102927207947
2,106,0.5715120434761047
2,107,0.5558555722236633
2,108,0.598490297794342
2,109,0.5847551822662354
2,110,0.5804778337478638
2,111,0.5681944489479065
2,112,0.49122393131256104
2,113,0.5441833734512329
2,114,0.5319701433181763
2,115,0.5207280516624451
2,116,0.520382821559906
2,117,0.5180126428604126
2,118,0.5243360996246338
2,119,0.5179891586303711
2,120,0.5008013248443604
2,121,0.4913691282272339
2,122,0.5191397666931152
2,123,0.5192802548408508
2,124,0.5173160433769226
2,125,0.5359469056129456
2,126,0.5233764052391052
2,127,0.5321096777915955
2,128,0.5522424578666687
2,129,0.5372684001922607
2,130,0.5302414298057556
2,131,0.5436022877693176
2,132,0.5246928334236145
2,133,0.5142342448234558
2,134,0.51134192943573
2,135,0.5377498865127563
2,136,0.57273268699646
2,137,0.5437681674957275
2,138,0.5210506916046143
2,139,0.5157716870307922
2,140,0.5143740177154541
2,141,0.5092355608940125
2,142,0.5043947696685791
2,143,0.5130513906478882
2,144,0.5921942591667175
2,145,0.5397448539733887
2,146,0.5511645674705505
2,147,0.5745444893836975
2,148,0.5426275730133057
2,149,0.5489956736564636
2,150,0.5520762205123901
2,151,0.5794758200645447
2,152,0.493367075920105
2,153,0.5407559275627136
2,154,0.5162563323974609
2,155,0.5042179226875305
2,156,0.4923379421234131
2,157,0.47795382142066956
2,158,0.5003520846366882
2,159,0.5003804564476013
2,160,0.5048004388809204
2,161,0.4918227195739746
2,162,0.5229994654655457
2,163,0.5121774077415466
2,164,0.489703506231308
2,165,0.47697243094444275
2,166,0.4713338613510132
2,167,0.4787566065788269
2,168,0.4888707995414734
2,169,0.5321463942527771
2,170,0.5050579905509949
2,171,0.5203793048858643
2,172,0.5262238383293152
2,173,0.5418170690536499
2,174,0.5301937460899353
2,175,0.5369960069656372
2,176,0.4802129864692688
2,177,0.49122312664985657
2,178,0.48942333459854126
2,179,0.5094956755638123
2,180,0.502099335193634
2,181,0.5020768642425537
2,182,0.5143977403640747
2,183,0.518017590045929
2,184,0.5550827980041504
2,185,0.5172737240791321
2,186,0.48905301094055176
2,187,0.4825723469257355
2,188,0.4733726382255554
2,189,0.4697412848472595
2,190,0.46425387263298035
2,191,0.4661191403865814
2,192,0.41319888830184937
2,193,0.4360639154911041
2,194,0.5461195111274719
2,195,0.5575286746025085
2,196,0.5284586548805237
2,197,0.5196788907051086
2,198,0.5254752039909363
2,199,0.5108532905578613
2,200,0.5379219651222229
2,201,0.4863986074924469
2,202,0.45960086584091187
2,203,0.4931599199771881
2,204,0.4829613268375397
2,205,0.4739983081817627
2,206,0.4808700978755951
2,207,0.49380022287368774
2,208,0.49612951278686523
2,209,0.45533254742622375
2,210,0.5275503993034363
2,211,0.6008108258247375
2,212,0.559973418712616
2,213,0.5063292384147644
2,214,0.4981384873390198
2,215,0.5283119082450867
2,216,0.577784538269043
2,217,0.5460259914398193
2,218,0.4933727979660034
2,219,0.49051547050476074
2,220,0.5199851393699646
2,221,0.5109211802482605
2,222,0.5231144428253174
2,223,0.5160695910453796
2,224,0.48195117712020874
2,225,0.4852372705936432
2,226,0.4807261526584625
2,227,0.4821820557117462
2,228,0.4706033766269684
2,229,0.47176921367645264
2,230,0.49800220131874084
2,231,0.5039176344871521
2,232,0.5190395712852478
2,233,0.49117594957351685
2,234,0.48255717754364014
2,235,0.44798019528388977
2,236,0.45176461338996887
2,237,0.4405669867992401
2,238,0.4308081269264221
2,239,0.45288556814193726
2,240,0.38344407081604004
2,241,0.44542139768600464
2,242,0.4732277989387512
2,243,0.46731746196746826
2,244,0.45531725883483887
2,245,0.4777818024158478
2,246,0.47805091738700867
2,247,0.47323718667030334
2,248,0.42300885915756226
2,249,0.5883757472038269
2,250,0.5137826204299927
2,251,0.4804331958293915
2,252,0.4823407530784607
2,253,0.49004894495010376
2,254,0.4726620018482208
2,255,0.46359506249427795
2,256,0.4905198812484741
2,257,0.4504145681858063
2,258,0.4470332860946655
2,259,0.49033647775650024
2,260,0.4613354206085205
2,261,0.4539403021335602
2,262,0.45376989245414734
2,263,0.45465508103370667
2,264,0.5311901569366455
2,265,0.4617500901222229
2,266,0.43476754426956177
2,267,0.4073024094104767
2,268,0.4441988468170166
2,269,0.4321790337562561
2,270,0.43971455097198486
2,271,0.44234010577201843
2,272,0.34473463892936707
2,273,0.35101357102394104
2,274,0.36070671677589417
2,275,0.37442702054977417
2,276,0.4395577609539032
2,277,0.43463507294654846
2,278,0.4161183834075928
2,279,0.40052416920661926
2,280,0.37432336807250977
2,281,0.4880755543708801
2,282,0.4321374297142029
2,283,0.3975978195667267
2,284,0.4053442180156708
2,285,0.40404069423675537
2,286,0.4278898537158966
2,287,0.4363335072994232
2,288,0.46486738324165344
3,0,0.3439275920391083
3,1,0.3447251617908478
3,2,0.43632689118385315
3,3,0.4372304379940033
3,4,0.4067690968513489
3,5,0.3939855992794037
3,6,0.38624298572540283
3,7,0.41268596053123474
3,8,0.4008534848690033
3,9,0.4124282896518707
3,10,0.4514923691749573
3,11,0.4290626645088196
3,12,0.41087502241134644
3,13,0.3927708566188812
3,14,0.4067648649215698
3,15,0.4124751091003418
3,16,0.42899972200393677
3,17,0.4896279573440552
3,18,0.48126816749572754
3,19,0.41978350281715393
3,20,0.411023885011673
3,21,0.44881901144981384
3,22,0.4396057426929474
3,23,0.4259917736053467
3,24,0.42023220658302307
3,25,0.36917874217033386
3,26,0.4198802709579468
3,27,0.417865514755249
3,28,0.41378095746040344
3,29,0.41985154151916504
3,30,0.44268614053726196
3,31,0.47029271721839905
3,32,0.3947339355945587
3,33,0.34925252199172974
3,34,0.3802725672721863
3,35,0.45136135816574097
3,36,0.4258298873901367
3,37,0.39097005128860474
3,38,0.3741520047187805
3,39,0.3957127630710602
3,40,0.4494815468788147
3,41,0.503035843372345
3,42,0.38832181692123413
3,43,0.3803703784942627
3,44,0.4216671884059906
3,45,0.4270685613155365
3,46,0.4017859995365143
3,47,0.3907189667224884
3,48,0.4111569821834564
3,49,0.33624616265296936
3,50,0.41420939564704895
3,51,0.4325054883956909
3,52,0.4024927318096161
3,53,0.39708074927330017
3,54,0.4014120399951935
3,55,0.39164745807647705
3,56,0.3543132543563843
3,57,0.3818272054195404
3,58,0.37985947728157043
3,59,0.39699867367744446
3,60,0.3922519385814667
3,61,0.390148788690567
3,62,0.362943559885025
3,63,0.35117146372795105
3,64,0.3904576897621155
3,65,0.423937052488327
3,66,0.3702966868877411
3,67,0.4210658669471741
3,68,0.4022250771522522
3,69,0.40341916680336
3,70,0.39742159843444824
3,71,0.38027113676071167
3,72,0.3231312334537506
3,73,0.3619120121002197
3,74,0.3502971827983856
3,75,0.3417258560657501
3,76,0.39535027742385864
3,77,0.3941066563129425
3,78,0.35639286041259766
3,79,0.3321763575077057
3,80,0.3661206364631653
3,81,0.35694175958633423
3,82,0.3388916850090027
3,83,0.32072123885154724
3,84,0.292633056640625
3,85,0.30348166823387146
3,86,0.3012532889842987
3,87,0.299640953540802
3,88,0.27548712491989136
3,89,0.2945828139781952
3,90,0.3399753272533417
3,91,0.31528523564338684
3,92,0.3100762665271759
3,93,0.3155386447906494
3,94,0.31117695569992065
3,95,0.31671667098999023
3,96,0.5228680968284607
3,97,0.39484313130378723
3,98,0.37952497601509094
3,99,0.37009721994400024
3,100,0.3826349079608917
3,101,0.3661651015281677
3,102,0.3350900709629059
3,103,0.32904279232025146
3,104,0.2925911545753479
3,105,0.30044761300086975
3,106,0.3268522024154663
3,107,0.3024052679538727
3,108,0.392855703830719
3,109,0.38945162296295166
3,110,0.340563029050827
3,111,0.3472917079925537
3,112,0.3041673004627228
3,113,0.26608121395111084
3,114,0.27308571338653564
3,115,0.33381158113479614
3,116,0.3085985481739044
3,117,0.30481240153312683
3,118,0.29180097579956055
3,119,0.2932349145412445
3,120,0.15499359369277954
3,121,0.3490782380104065
3,122,0.3532736897468567
3,123,0.4792492091655731
3,124,0.3838665783405304
3,125,0.40203458070755005
3,126,0.47165966033935547
3,127,0.4041799306869507
3,128,0.3325411081314087
3,129,0.243923619389534
3,130,0.25264737010002136
3,131,0.2899063527584076
3,132,0.3105631172657013
3,133,0.3650207221508026
3,134,0.3522447347640991
3,135,0.3305618166923523
3,136,0.3924903869628906
3,137,0.3165530264377594
3,138,0.3514949381351471
3,139,0.3993792235851288
3,140,0.3698666989803314
3,141,0.3220008909702301
3,142,0.287399023771286
3,143,0.2728334367275238
3,144,0.42036736011505127
3,145,0.36457476019859314
3,146,0.33982303738594055
3,147,0.31730929017066956
3,148,0.33239156007766724
3,149,0.44766765832901
3,150,0.39954277873039246
3,151,0.3842543363571167
3,152,0.2692062556743622
3,153,0.3032768666744232
3,154,0.25349098443984985
3,155,0.2740161716938019
3,156,0.2468935251235962
3,157,0.2965715229511261
3,158,0.29976406693458557
3,159,0.28775355219841003
3,160,0.2839099168777466
3,161,0.2507378160953522
3,162,0.24397686123847961
3,163,0.21059173345565796
3,164,0.2361861914396286
3,165,0.2523863613605499
3,166,0.2792147397994995
3,167,0.2677748203277588
3,168,0.3090822100639343
3,169,0.30893394351005554
3,170,0.28226128220558167
3,171,0.26062536239624023
3,172,0.2930324971675873
3,173,0.28141289949417114
3,174,0.2836865484714508
3,175,0.26252979040145874
3,176,0.28712788224220276
3,177,0.30691632628440857
3,178,0.26872459053993225
3,179,0.24076804518699646
3,180,0.24324019253253937
3,181,0.26440685987472534
3,182,0.2899792790412903
3,183,0.30478760600090027
3,184,0.8920243382453918
3,185,0.474580854177475
3,186,0.32932865619659424
3,187,0.5062955617904663
3,188,0.5423401594161987
3,189,0.45847469568252563
3,190,0.3843870460987091
3,191,0.3255172371864319
3,192,0.22325190901756287
3,193,0.2437635064125061
3,194,0.3188498914241791
3,195,0.30643144249916077
3,196,0.30378761887550354
3,197,0.33637601137161255
3,198,0.33148443698883057
3,199,0.34632641077041626
3,200,0.6997629404067993
3,201,0.41311320662498474
3,202,0.284589022397995
3,203,0.277462899684906
3,204,0.2926969528198242
3,205,0.3314347267150879
3,206,0.3077549636363983
3,207,0.27382585406303406
3,208,0.25214284658432007
3,209,0.27466174960136414
3,210,0.2240016758441925
3,211,0.2327956259250641
3,212,0.2728192210197449
3,213,0.28284400701522827
3,214,0.271966814994812
3,215,0.3159083127975464
3,216,0.17060419917106628
3,217,0.1806318312883377
3,218,0.1795189529657364
3,219,0.1725490391254425
3,220,0.18426604568958282
3,221,0.19735190272331238
3,222,0.20553185045719147
3,223,0.2114679515361786
3,224,0.7277612686157227
3,225,0.47159358859062195
3,226,0.3864944279193878
3,227,0.3735182285308838
3,228,0.3393608033657074
3,229,0.29448333382606506
3,230,0.2723071575164795
3,231,0.2828296422958374
3,232,0.23887383937835693
3,233,0.23847943544387817
3,234,0.2026461362838745
3,235,0.21999812126159668
3,236,0.211171492934227
3,237,0.2247173935174942
3,238,0.2383800745010376
3,239,0.22060571610927582
3,240,0.3705836236476898
3,241,0.22564539313316345
3,242,0.3803044855594635
3,243,0.3253781497478485
3,244,0.3082456886768341
3,245,0.285197377204895
3,246,0.27567967772483826
3,247,0.27766624093055725
3,248,0.13668134808540344
3,249,0.16600669920444489
3,250,0.14337605237960815
3,251,0.17041094601154327
3,252,0.18288566172122955
3,253,0.21505485475063324
3,254,0.20036672055721283
3,255,0.20617501437664032
3,256,0.22553715109825134
3,257,0.21330894529819489
3,258,0.24443906545639038
3,259,0.21746757626533508
3,260,0.19233696162700653
3,261,0.21041913330554962
3,262,0.2013632357120514
3,263,0.21397539973258972
3,264,0.3024362027645111
3,265,0.39735323190689087
3,266,0.30380985140800476
3,267,0.26536914706230164
3,268,0.25121578574180603
3,269,0.2511621415615082
3,270,0.24819116294384003
3,271,0.23739470541477203
3,272,0.24656468629837036
3,273,0.22980177402496338
3,274,0.21853843331336975
3,275,0.21892894804477692
3,276,0.2698330283164978
3,277,0.26087597012519836
3,278,0.26314204931259155
3,279,0.2332410216331482
3,280,0.31614840030670166
3,281,0.27274349331855774
3,282,0.2829216718673706
3,283,0.23012690246105194
3,284,0.20742963254451752
3,285,0.20358821749687195
3,286,0.22459350526332855
3,287,0.20793579518795013
3,288,0.3343580365180969
4,0,0.22334079444408417
4,1,0.2660072445869446
4,2,0.29009294509887695
4,3,0.3301500380039215
4,4,0.2971334159374237
4,5,0.25661125779151917
4,6,0.2566434144973755
4,7,0.25077131390571594
4,8,0.29523172974586487
4,9,0.2559850811958313
4,10,0.2192651778459549
4,11,0.18874335289001465
4,12,0.2288920283317566
4,13,0.2084447294473648
4,14,0.19287076592445374
4,15,0.1817556917667389
4,16,0.18216422200202942
4,17,0.18517403304576874
4,18,0.16338439285755157
4,19,0.1855713129043579
4,20,0.19914455711841583
4,21,0.21447217464447021
4,22,0.22419176995754242
4,23,0.2269589900970459
4,24,0.3073022663593292
4,25,0.23817455768585205
4,26,0.21076847612857819
4,27,0.35119450092315674
4,28,0.29283398389816284
4,29,0.2731975018978119
4,30,0.23336496949195862
4,31,0.2233114093542099
4,32,0.14618001878261566
4,33,0.32802337408065796
4,34,0.2976861000061035
4,35,0.22438378632068634
4,36,0.2536527216434479
4,37,0.2444508820772171
4,38,0.24194207787513733
4,39,0.2316494733095169
4,40,0.18315844237804413
4,41,0.21475686132907867
4,42,0.21263492107391357
4,43,0.2026861011981964
4,44,0.2553215026855469
4,45,0.22781716287136078
4,46,0.21312756836414337
4,47,0.22391383349895477
4,48,0.20307697355747223
4,49,0.1963796466588974
4,50,0.21605704724788666
4,51,0.22517037391662598
4,52,0.2178170084953308
4,53,0.19653566181659698
4,54,0.20027098059654236
4,55,0.20924349129199982
4,56,0.6136359572410583
4,57,0.4611077308654785
4,58,0.36968934535980225
4,59,0.29783743619918823
4,60,0.2865276634693146
4,61,0.2746714949607849
4,62,0.2709508538246155
4,63,0.26729142665863037
4,64,0.3414626717567444
4,65,0.1940707564353943
4,66,0.1662924736738205
4,67,0.15242235362529755
4,68,0.17619600892066956
4,69,0.17505043745040894
4,70,0.19691120088100433
4,71,0.2028225213289261
4,72,0.22914086282253265
4,73,0.39727312326431274
4,74,0.29828640818595886
4,75,0.24959389865398407
4,76,0.23577280342578888
4,77,0.2280951887369156
4,78,0.2115616649389267
4,79,0.21579481661319733
4,80,0.38188084959983826
4,81,0.2432510256767273
4,82,0.21186476945877075
4,83,0.2553821802139282
4,84,0.23729343712329865
4,85,0.2235635370016098
4,86,0.22347044944763184
4,87,0.22745101153850555
4,88,0.15299245715141296
4,89,0.15449677407741547
4,90,0.1522345393896103
4,91,0.1609296053647995
4,92,0.1807599663734436
4,93,0.1874621957540512
4,94,0.21836599707603455
4,95,0.229875847697258
4,96,0.294127494096756
4,97,0.40706494450569153
4,98,0.3477480113506317
4,99,0.31109583377838135
4,100,0.3531460762023926
4,101,0.3380376696586609
4,102,0.29146191477775574
4,103,0.2707400918006897
4,104,0.25581350922584534
4,105,0.21301642060279846
4,106,0.24120867252349854
4,107,0.22459420561790466
4,108,0.2145858258008957
4,109,0.2279358208179474
4,110,0.2196430265903473
4,111,0.21885038912296295
4,112,0.2289610654115677
4,113,0.3340491056442261
4,114,0.34657546877861023
4,115,0.25906887650489807
4,116,0.25596505403518677
4,117,0.22318530082702637
4,118,0.20491933822631836
4,119,0.19577892124652863
4,120,0.19878102838993073
4,121,0.1821717470884323
4,122,0.1862393319606781
4,123,0.18848350644111633
4,124,0.19421613216400146
4,125,0.19007866084575653
4,126,0.19637680053710938
4,127,0.18402405083179474
4,128,0.27364128828048706
4,129,0.3419700264930725
4,130,0.30763423442840576
4,131,0.25424057245254517
4,132,0.22981125116348267
4,133,0.21708667278289795
4,134,0.20772714912891388
4,135,0.19797171652317047
4,136,0.3902314603328705
4,137,0.28987860679626465
4,138,0.2842472195625305
4,139,0.24951764941215515
4,140,0.23342850804328918
4,141,0.2224983125925064
4,142,0.20832078158855438
4,143,0.22217795252799988
4,144,0.18916627764701843
4,145,0.2552574574947357
4,146,0.26709434390068054
4,147,0.22877608239650726
4,148,0.238375723361969
4,149,0.25636598467826843
4,150,0.24602597951889038
4,151,0.23663613200187683
4,152,0.18860158324241638
4,153,0.2321627140045166
4,154,0.22446948289871216
4,155,0.2576572895050049
4,156,0.25144416093826294
4,157,0.24945083260536194
4,158,0.23510757088661194
4,159,0.24163219332695007
4,160,0.43738025426864624
4,161,0.3144771158695221
4,162,0.24932442605495453
4,163,0.23467043042182922
4,164,0.24855779111385345
4,165,0.25128787755966187
4,166,0.3611080050468445
4,167,0.3156324028968811
4,168,0.20159344375133514
4,169,0.2475585639476776
4,170,0.2477148175239563
4,171,0.2508584260940552
4,172,0.2265443652868271
4,173,0.22266177833080292
4,174,0.22726210951805115
4,175,0.21663320064544678
4,176,0.4055885076522827
4,177,0.311161607503891
4,178,0.2783958613872528
4,179,0.24963244795799255
4,180,0.2290228009223938
4,181,0.21785524487495422
4,182,0.21443326771259308
4,183,0.19480524957180023
4,184,0.16371606290340424
4,185,0.2153015434741974
4,186,0.29318180680274963
4,187,0.23364144563674927
4,188,0.2394394725561142
4,189,0.21460431814193726
4,190,0.19673843681812286
4,191,0.20702588558197021
4,192,0.15424033999443054
4,193,0.19219174981117249
4,194,0.13681602478027344
4,195,0.1315089911222458
4,196,0.11074269562959671
4,197,0.15313728153705597
4,198,0.16048796474933624
4,199,0.17557331919670105
4,200,0.09336167573928833
4,201,0.1219165250658989
4,202,0.14213208854198456
4,203,0.13550996780395508
4,204,0.12235419452190399
4,205,0.12580053508281708
4,206,0.13929776847362518
4,207,0.14072121679782867
4,208,0.29188260436058044
4,209,0.18047814071178436
4,210,0.15116260945796967
4,211,0.13210269808769226
4,212,0.12009894847869873
4,213,0.14098483324050903
4,214,0.1741233766078949
4,215,0.1781114637851715
4,216,0.08304085582494736
4,217,0.1884692907333374
4,218,0.21724297106266022
4,219,0.18384616076946259
4,220,0.306167334318161
4,221,0.2576780617237091
4,222,0.25115102529525757
4,223,0.2185893952846527
4,224,0.11562328785657883
4,225,0.15226243436336517
4,226,0.2265186309814453
4,227,0.18577167391777039
4,228,0.20757751166820526
4,229,0.1754162460565567
4,230,0.15669387578964233
4,231,0.15100142359733582
4,232,0.2636510729789734
4,233,0.2305012047290802
4,234,0.19381476938724518
4,235,0.1880931258201599
4,236,0.17687323689460754
4,237,0.18444545567035675
4,238,0.21505114436149597
4,239,0.20217841863632202
4,240,0.12053880840539932
4,241,0.13085982203483582
4,242,0.16140520572662354
4,243,0.15170899033546448
4,244,0.14278213679790497
4,245,0.15138216316699982
4,246,0.15134954452514648
4,247,0.17154568433761597
4,248,0.1627310812473297
4,249,0.12776555120944977
4,250,0.1363261491060257
4,251,0.12318656593561172
4,252,0.11791595071554184
4,253,0.13365542888641357
4,254,0.15873560309410095
4,255,0.15729974210262299
4,256,0.06553921103477478
4,257,0.0970853939652443
4,258,0.09478989988565445
4,259,0.09832804650068283
4,260,0.14531967043876648
4,261,0.19040992856025696
4,262,0.18407322466373444
4,263,0.17002959549427032
4,264,0.31970861554145813
4,265,0.24082143604755402
4,266,0.19616208970546722
4,267,0.20230314135551453
4,268,0.17582598328590393
4,269,0.17386656999588013
4,270,0.1819542646408081
4,271,0.16822116076946259
4,272,0.12404363602399826
4,273,0.19372150301933289
4,274,0.2887587249279022
4,275,0.25662925839424133
4,276,0.21925313770771027
4,277,0.20989754796028137
4,278,0.21885161101818085
4,279,0.2022690325975418
4,280,0.17887715995311737
4,281,0.1399170458316803
4,282,0.12133543938398361
4,283,0.1211981251835823
4,284,0.14150772988796234
4,285,0.17335031926631927
4,286,0.16438722610473633
4,287,0.1740427017211914
4,288,0.1828848123550415
5,0,0.16265764832496643
5,1,0.15653623640537262
5,2,0.6109219789505005
5,3,0.4041478633880615
5,4,0.2926180064678192
5,5,0.25659069418907166
5,6,0.27045774459838867
5,7,0.2772449553012848
5,8,0.5458826422691345
5,9,0.24187493324279785
5,10,0.25863680243492126
5,11,0.3193422257900238
5,12,0.38751646876335144
5,13,0.3377067446708679
5,14,0.3053821325302124
5,15,0.280929297208786
5,16,0.20014330744743347
5,17,0.2090822011232376
5,18,0.24470090866088867
5,19,0.22708122432231903
5,20,0.20127783715724945
5,21,0.2161480039358139
5,22,0.20921315252780914
5,23,0.21586450934410095
5,24,0.13623562455177307
5,25,0.25937527418136597
5,26,0.23611748218536377
5,27,0.20394903421401978
5,28,0.1949559897184372
5,29,0.23643650114536285
5,30,0.22961267828941345
5,31,0.24753421545028687
5,32,0.16836173832416534
5,33,0.14912135899066925
5,34,0.13871176540851593
5,35,0.13896185159683228
5,36,0.14226771891117096
5,37,0.13689623773097992
5,38,0.14092816412448883
5,39,0.14159958064556122
5,40,0.15140290558338165
5,41,0.10662204027175903
5,42,0.11550697684288025
5,43,0.16955919563770294
5,44,0.15995840728282928
5,45,0.14370132982730865
5,46,0.14972425997257233
5,47,0.15226686000823975
5,48,0.22190485894680023
5,49,0.10382689535617828
5,50,0.1068442314863205
5,51,0.161494180560112
5,52,0.2010524868965149
5,53,0.19692981243133545
5,54,0.16585959494113922
5,55,0.14184941351413727
5,56,0.4717298448085785
5,57,0.5134520530700684
5,58,0.3383142352104187
5,59,0.2864687442779541
5,60,0.2487303912639618
5,61,0.25319793820381165
5,62,0.2464190572500229
5,63,0.2353121042251587
5,64,0.19178098440170288
5,65,0.24145980179309845
5,66,0.20532704889774323
5,67,0.20011399686336517
5,68,0.1703963279724121
5,69,0.18332315981388092
5,70,0.18195869028568268
5,71,0.1755271553993225
5,72,0.10074815899133682
5,73,0.11804941296577454
5,74,0.14479699730873108
5,75,0.1709320843219757
5,76,0.14700794219970703
5,77,0.1909235119819641
5,78,0.18390414118766785
5,79,0.18102523684501648
5,80,0.07736615836620331
5,81,0.07678923010826111
5,82,0.10571037232875824
5,83,0.08758483827114105
5,84,0.14186201989650726
5,85,0.1413116753101349
5,86,0.13965845108032227
5,87,0.16209648549556732
5,88,0.2604939043521881
5,89,0.16399607062339783
5,90,0.19317449629306793
5,91,0.19439223408699036
5,92,0.21180295944213867
5,93,0.18980145454406738
5,94,0.18606258928775787
5,95,0.1912260502576828
5,96,0.2414652556180954
5,97,0.20059725642204285
5,98,0.17000000178813934
5,99,0.21641260385513306
5,100,0.1970566213130951
5,101,0.18486502766609192
5,102,0.16583260893821716
5,103,0.15284863114356995
5,104,0.19868189096450806
5,105,0.18325304985046387
5,106,0.274564653635025
5,107,0.24444031715393066
5,108,0.2445795238018036
5,109,0.21133409440517426
5,110,0.21343272924423218
5,111,0.21221785247325897
5,112,1.0198894739151
5,113,0.43261998891830444
5,114,0.29596710205078125
5,115,0.260579913854599
5,116,0.25628429651260376
5,117,0.23117859661579132
5,118,0.21436871588230133
5,119,0.2009391486644745
5,120,0.20761291682720184
5,121,0.19547557830810547
5,122,0.18463416397571564
5,123,0.17107319831848145
5,124,0.18948879837989807
5,125,0.16159790754318237
5,126,0.15605762600898743
5,127,0.2145673930644989
5,128,0.15430514514446259
5,129,0.2767282724380493
5,130,0.25030189752578735
5,131,0.2127051055431366
5,132,0.1927783042192459
5,133,0.19442354142665863
5,134,0.1976415067911148
5,135,0.18199166655540466
5,136,0.06565788388252258
5,137,0.05758536979556084
5,138,0.1350928246974945
5,139,0.15872235596179962
5,140,0.1640835404396057
5,141,0.16089460253715515
5,142,0.1792125552892685
5,143,0.16795052587985992
5,144,0.12654073536396027
5,145,0.14299796521663666
5,146,0.12720327079296112
5,147,0.15040302276611328
5,148,0.16842825710773468
5,149,0.17420122027397156
5,150,0.16039685904979706
5,151,0.15253891050815582
5,152,0.11691108345985413
5,153,0.1286458522081375
5,154,0.2070104479789734
5,155,0.20505598187446594
5,156,0.2336430847644806
5,157,0.19571346044540405
5,158,0.2051285207271576
5,159,0.17976392805576324
5,160,0.19125257432460785
5,161,0.16489887237548828
5,162,0.17797619104385376
5,163,0.1493806093931198
5,164,0.14511744678020477
5,165,0.14993134140968323
5,166,0.17809486389160156
5,167,0.16416636109352112
5,168,0.27482372522354126
5,169,0.1830168515443802
5,170,0.18119443953037262
5,171,0.24696138501167297
5,172,0.2123461216688156
5,173,0.19320115447044373
5,174,0.19061878323554993
5,175,0.18225334584712982
5,176,0.13100679218769073
5,177,0.12202213704586029
5,178,0.17925193905830383
5,179,0.4589419662952423
5,180,0.296169251203537
5,181,0.2390308678150177
5,182,0.22780732810497284
5,183,0.18500784039497375
5,184,0.09736829996109009
5,185,0.19677917659282684
5,186,0.17855986952781677
5,187,0.2375427484512329
5,188,0.22854284942150116
5,189,0.22216837108135223
5,190,0.19817304611206055
5,191,0.21790152788162231
5,192,0.23297791182994843
5,193,0.17801564931869507
5,194,0.3557611405849457
5,195,0.29499444365501404
5,196,0.2688579857349396
5,197,0.2479286640882492
5,198,0.20943811535835266
5,199,0.2335612028837204
5,200,0.12196183204650879
5,201,0.16336940228939056
5,202,0.1231716051697731
5,203,0.15577790141105652
5,204,0.17679938673973083
5,205,0.14335602521896362
5,206,0.1294870376586914
5,207,0.12133906781673431
5,208,0.046851396560668945
5,209,0.09200427681207657
5,210,0.16563285887241364
5,211,0.16247110068798065
5,212,0.1530095934867859
5,213,0.1444588601589203
5,214,0.15896186232566833
5,215,0.1576109528541565
5,216,0.2882014811038971
5,217,0.23027995228767395
5,218,0.16710512340068817
5,219,0.16122588515281677
5,220,0.1800725907087326
5,221,0.18424895405769348
5,222,0.18260911107063293
5,223,0.17063668370246887
5,224,0.295606404542923
5,225,0.23335890471935272
5,226,0.25030481815338135
5,227,0.1925951987504959
5,228,0.17563362419605255
5,229,0.1609230786561966
5,230,0.14917851984500885
5,231,0.13923168182373047
5,232,0.4208137094974518
5,233,0.21984928846359253
5,234,0.2191023975610733
5,235,0.1950087696313858
5,236,0.1856430470943451
5,237,0.18909458816051483
5,238,0.18124420940876007
5,239,0.1750495433807373
5,240,0.25585436820983887
5,241,0.19168703258037567
5,242,0.2008706033229828
5,243,0.21393364667892456
5,244,0.18214164674282074
5,245,0.16104331612586975
5,246,0.15386605262756348
5,247,0.16471965610980988
5,248,0.12896306812763214
5,249,0.1321263313293457
5,250,0.14718347787857056
5,251,0.2371082305908203
5,252,0.20861490070819855
5,253,0.2024068683385849
5,254,0.16960859298706055
5,255,0.16942481696605682
5,256,0.26767051219940186
5,257,0.19339777529239655
5,258,0.2031378448009491
5,259,0.18699531257152557
5,260,0.1721522957086563
5,261,0.1640896201133728
5,262,0.15354937314987183
5,263,0.1541203409433365
5,264,0.2156776487827301
5,265,0.18614058196544647
5,266,0.17960166931152344
5,267,0.15259239077568054
5,268,0.13743211328983307
5,269,0.1544734090566635
5,270,0.15919235348701477
5,271,0.14807511866092682
5,272,0.12566879391670227
5,273,0.0904344990849495
5,274,0.08753513544797897
5,275,0.09413968026638031
5,276,0.10248302668333054
5,277,0.12310027331113815
5,278,0.12549197673797607
5,279,0.13372452557086945
5,280,0.3758411407470703
5,281,0.24355372786521912
5,282,0.158175528049469
5,283,0.1437835395336151
5,284,0.13631735742092133
5,285,0.1476232260465622
5,286,0.13732178509235382
5,287,0.1260129064321518
5,288,0.10772058367729187
6,0,0.09605070948600769
6,1,0.13579589128494263
6,2,0.1225513219833374
6,3,0.10772396624088287
6,4,0.11611688882112503
6,5,0.16008730232715607
6,6,0.15327803790569305
6,7,0.14522626996040344
6,8,0.24911577999591827
6,9,0.11093038320541382
6,10,0.08795110881328583
6,11,0.07544461637735367
6,12,0.10716914385557175
6,13,0.10206396877765656
6,14,0.11918449401855469
6,15,0.1351717710494995
6,16,0.12612344324588776
6,17,0.10379622876644135
6,18,0.08858495950698853
6,19,0.10336866974830627
6,20,0.09642285853624344
6,21,0.08729980140924454
6,22,0.08214133232831955
6,23,0.07601960003376007
6,24,0.23133979737758636
6,25,0.17992550134658813
6,26,0.1330302208662033
6,27,0.18345536291599274
6,28,0.34466344118118286
6,29,0.2808939218521118
6,30,0.20773237943649292
6,31,0.1677468717098236
6,32,0.4726729691028595
6,33,0.21594631671905518
6,34,0.1500798761844635
6,35,0.26458337903022766
6,36,0.26877519488334656
6,37,0.24445196986198425
6,38,0.2157590091228485
6,39,0.18247438967227936
6,40,0.10095135122537613
6,41,0.17953546345233917
6,42,0.16479146480560303
6,43,0.19028185307979584
6,44,0.18113930523395538
6,45,0.14714162051677704
6,46,0.12697717547416687
6,47,0.12473288923501968
6,48,0.35723069310188293
6,49,0.2501800060272217
6,50,0.21858705580234528
6,51,0.17933741211891174
6,52,0.1624322235584259
6,53,0.1558186560869217
6,54,0.16807246208190918
6,55,0.18770064413547516
6,56,0.17950621247291565
6,57,0.1009446308016777
6,58,0.13984908163547516
6,59,0.13298171758651733
6,60,0.1363566517829895
6,61,0.13196030259132385
6,62,0.13260722160339355
6,63,0.1307181566953659
6,64,0.5230967998504639
6,65,0.27687007188796997
6,66,0.20720405876636505
6,67,0.22226674854755402
6,68,0.2243664413690567
6,69,0.24670764803886414
6,70,0.2007506936788559
6,71,0.17423862218856812
6,72,0.055853504687547684
6,73,0.18416014313697815
6,74,0.22395502030849457
6,75,0.1668238788843155
6,76,0.14518526196479797
6,77,0.13068798184394836
6,78,0.16959473490715027
6,79,0.1636938750743866
6,80,0.07509808987379074
6,81,0.19698841869831085
6,82,0.15827685594558716
6,83,0.1495124101638794
6,84,0.1464904397726059
6,85,0.13116398453712463
6,86,0.13347749412059784
6,87,0.13239125907421112
6,88,0.09883833676576614
6,89,0.07724810391664505
6,90,0.07968778908252716
6,91,0.2256372570991516
6,92,0.19110609591007233
6,93,0.15298773348331451
6,94,0.15303078293800354
6,95,0.18283388018608093
6,96,0.1990860402584076
6,97,0.0950925350189209
6,98,0.09651653468608856
6,99,0.14233745634555817
6,100,0.15827904641628265
6,101,0.176672101020813
6,102,0.16124041378498077
6,103,0.159658282995224
6,104,0.061079900711774826
6,105,0.08066656440496445
6,106,0.09875283390283585
6,107,0.11491396278142929
6,108,0.11940514296293259
6,109,0.15405356884002686
6,110,0.13947299122810364
6,111,0.13215766847133636
6,112,0.15069344639778137
6,113,0.14235919713974
6,114,0.12097833305597305
6,115,0.10159659385681152
6,116,0.08850806206464767
6,117,0.13993655145168304
6,118,0.14020279049873352
6,119,0.14781954884529114
6,120,0.1983203887939453
6,121,0.16147258877754211
6,122,0.12781502306461334
6,123,0.14536698162555695
6,124,0.14783421158790588
6,125,0.17330175638198853
6,126,0.15407145023345947
6,127,0.16219724714756012
6,128,0.24732236564159393
6,129,0.2259349524974823
6,130,0.23479202389717102
6,131,0.2036181092262268
6,132,0.19365766644477844
6,133,0.19662688672542572
6,134,0.20807315409183502
6,135,0.2078375369310379
6,136,0.13997645676136017
6,137,0.1108568012714386
6,138,0.1311318576335907
6,139,0.11443893611431122
6,140,0.1302320659160614
6,141,0.14136089384555817
6,142,0.15356984734535217
6,143,0.14755143225193024
6,144,0.21224325895309448
6,145,0.15196451544761658
6,146,0.13167844712734222
6,147,0.15627405047416687
6,148,0.1805926114320755
6,149,0.16741669178009033
6,150,0.16225500404834747
6,151,0.15568023920059204
6,152,0.30292561650276184
6,153,0.23522508144378662
6,154,0.20235992968082428
6,155,0.1963888257741928
6,156,0.18664845824241638
6,157,0.1917412430047989
6,158,0.18884651362895966
6,159,0.1759839653968811
6,160,0.2891539931297302
6,161,0.19133689999580383
6,162,0.14687949419021606
6,163,0.1355701982975006
6,164,0.1445816457271576
6,165,0.15131007134914398
6,166,0.1551474779844284
6,167,0.15138483047485352
6,168,0.28479814529418945
6,169,0.2557760179042816
6,170,0.19858968257904053
6,171,0.18638209998607635
6,172,0.1761920154094696
6,173,0.1639465093612671
6,174,0.16570702195167542
6,175,0.16129109263420105
6,176,0.28903481364250183
6,177,0.1521565318107605
6,178,0.14224082231521606
6,179,0.17327581346035004
6,180,0.16642865538597107
6,181,0.1504410058259964
6,182,0.14439749717712402
6,183,0.15719206631183624
6,184,0.12542857229709625
6,185,0.11393464356660843
6,186,0.1363157033920288
6,187,0.12286295741796494
6,188,0.11579065024852753
6,189,0.12131781876087189
6,190,0.10564759373664856
6,191,0.16414736211299896
6,192,0.059157539159059525
6,193,0.14204666018486023
6,194,0.1340852677822113
6,195,0.1546885371208191
6,196,0.14161337912082672
6,197,0.1512792855501175
6,198,0.14426618814468384
6,199,0.2992095947265625
6,200,0.12399803847074509
6,201,0.3063778877258301
6,202,0.2082439661026001
6,203,0.16657525300979614
6,204,0.1714937537908554
6,205,0.1613648384809494
6,206,0.1498691588640213
6,207,0.13547122478485107
6,208,0.06704901903867722
6,209,0.13921816647052765
6,210,0.10895893722772598
6,211,0.08428380638360977
6,212,0.09996560961008072
6,213,0.11209313571453094
6,214,0.1200704574584961
6,215,0.1238105520606041
6,216,0.20253123342990875
6,217,0.22597327828407288
6,218,0.1833191066980362
6,219,0.1458468735218048
6,220,0.13681422173976898
6,221,0.14563630521297455
6,222,0.14663508534431458
6,223,0.14731734991073608
6,224,0.17070195078849792
6,225,0.18173786997795105
6,226,0.1620413362979889
6,227,0.1330910623073578
6,228,0.12793958187103271
6,229,0.12735974788665771
6,230,0.11551269888877869
6,231,0.11766126751899719
6,232,0.36613553762435913
6,233,0.1332995742559433
6,234,0.14948458969593048
6,235,0.2146649956703186
6,236,0.23979803919792175
6,237,0.18498045206069946
6,238,0.16808640956878662
6,239,0.16521292924880981
6,240,0.04963664337992668
6,241,0.09135833382606506
6,242,0.13512185215950012
6,243,0.13676702976226807
6,244,0.16207541525363922
6,245,0.14822961390018463
6,246,0.13619644939899445
6,247,0.11996401846408844
6,248,0.3183574974536896
6,249,0.17333273589611053
6,250,0.1430879682302475
6,251,0.15002307295799255
6,252,0.14128394424915314
6,253,0.14088238775730133
6,254,0.14359746873378754
6,255,0.1593851000070572
6,256,0.09741697460412979
6,257,0.1765505075454712
6,258,0.1470646858215332
6,259,0.14213071763515472
6,260,0.1287274956703186
6,261,0.13672517240047455
6,262,0.11941584944725037
6,263,0.11225847899913788
6,264,0.16126830875873566
6,265,0.0927620381116867
6,266,0.10591055452823639
6,267,0.07584325969219208
6,268,0.08009308576583862
6,269,0.098704993724823
6,270,0.100858673453331
6,271,0.10548386722803116
6,272,0.11636814475059509
6,273,0.09704744070768356
6,274,0.1324170082807541
6,275,0.11593525111675262
6,276,0.11651076376438141
6,277,0.15647847950458527
6,278,0.14456453919410706
6,279,0.1253848671913147
6,280,0.3402712047100067
6,281,0.34308508038520813
6,282,0.19361397624015808
6,283,0.16142646968364716
6,284,0.1832100749015808
6,285,0.1806948333978653
6,286,0.13441556692123413
6,287,0.1291593611240387
6,288,0.04498051851987839
7,0,0.07539565861225128
7,1,0.14847801625728607
7,2,0.14456559717655182
7,3,0.13694217801094055
7,4,0.12098772078752518
7,5,0.12159637361764908
7,6,0.16406990587711334
7,7,0.14768874645233154
7,8,0.22665497660636902
7,9,0.20309309661388397
7,10,0.14189757406711578
7,11,0.13729055225849152
7,12,0.13184113800525665
7,13,0.12459439784288406
7,14,0.13866296410560608
7,15,0.12709586322307587
7,16,0.23481185734272003
7,17,0.12597179412841797
7,18,0.13181446492671967
7,19,0.17225868999958038
7,20,0.147516667842865
7,21,0.12356574833393097
7,22,0.12290985137224197
7,23,0.16779381036758423
7,24,0.11622043699026108
7,25,0.12305586785078049
7,26,0.09632886946201324
7,27,0.10342980176210403
7,28,0.09253676980733871
7,29,0.09927774220705032
7,30,0.0904417410492897
7,31,0.08270790427923203
7,32,0.11787976324558258
7,33,0.09659697115421295
7,34,0.08068263530731201
7,35,0.10085985064506531
7,36,0.11424262076616287
7,37,0.1403912752866745
7,38,0.1356024444103241
7,39,0.11768205463886261
7,40,0.16838686168193817
7,41,0.08594563603401184
7,42,0.0590326152741909
7,43,0.08947773277759552
7,44,0.28288811445236206
7,45,0.15711896121501923
7,46,0.1262366771697998
7,47,0.11171983182430267
7,48,0.13955508172512054
7,49,0.1337362676858902
7,50,0.1103467121720314
7,51,0.10765818506479263
7,52,0.11978189647197723
7,53,0.13173995912075043
7,54,0.1350564807653427
7,55,0.13039277493953705
7,56,0.170145645737648
7,57,0.16589327156543732
7,58,0.16296356916427612
7,59,0.13770195841789246
7,60,0.1349489837884903
7,61,0.19108262658119202
7,62,0.1800546795129776
7,63,0.16776514053344727
7,64,0.3020252585411072
7,65,0.26923006772994995
7,66,0.17497287690639496
7,67,0.14325301349163055
7,68,0.1520194709300995
7,69,0.15049627423286438
7,70,0.14640142023563385
7,71,0.17359910905361176
7,72,0.12037843465805054
7,73,0.242122083902359
7,74,0.17980052530765533
7,75,0.1482710838317871
7,76,0.17738685011863708
7,77,0.15964682400226593
7,78,0.16883738338947296
7,79,0.17667588591575623
7,80,0.1462656706571579
7,81,0.15075883269309998
7,82,0.16633296012878418
7,83,0.11820434778928757
7,84,0.12565472722053528
7,85,0.11883386224508286
7,86,0.12870585918426514
7,87,0.1411563605070114
7,88,0.014344672672450542
7,89,0.03529836982488632
7,90,0.06122557818889618
7,91,0.05674690008163452
7,92,0.1442200243473053
7,93,0.12109292298555374
7,94,0.12999649345874786
7,95,0.1254618912935257
7,96,0.16742591559886932
7,97,0.15541595220565796
7,98,0.09688568115234375
7,99,0.11281028389930725
7,100,0.10449083149433136
7,101,0.09680163860321045
7,102,0.10160355269908905
7,103,0.12127157300710678
7,104,0.09223257005214691
7,105,0.12651236355304718
7,106,0.11629346758127213
7,107,0.11483176052570343
7,108,0.11519932001829147
7,109,0.122139573097229
7,110,0.12206631898880005
7,111,0.12860797345638275
7,112,0.041307978332042694
7,113,0.07527428865432739
7,114,0.07870207726955414
7,115,0.09554603695869446
7,116,0.14305907487869263
7,117,0.12651176750659943
7,118,0.12745344638824463
7,119,0.11489513516426086
7,120,0.15706467628479004
7,121,0.11192024499177933
7,122,0.07736178487539291
7,123,0.07977615296840668
7,124,0.08145304024219513
7,125,0.10065989941358566
7,126,0.09666210412979126
7,127,0.11191456764936447
7,128,0.22520583868026733
7,129,0.169656902551651
7,130,0.17511999607086182
7,131,0.13423310220241547
7,132,0.19665729999542236
7,133,0.17098383605480194
7,134,0.16715829074382782
7,135,0.16495749354362488
7,136,0.12688656151294708
7,137,0.18186615407466888
7,138,0.1690961718559265
7,139,0.15500475466251373
7,140,0.12358533591032028
7,141,0.12775205075740814
7,142,0.12646277248859406
7,143,0.11543770134449005
7,144,0.06467454880475998
7,145,0.25153017044067383
7,146,0.17238852381706238
7,147,0.1471608579158783
7,148,0.14522095024585724
7,149,0.1644154191017151
7,150,0.16198043525218964
7,151,0.14407674968242645
7,152,0.2361314743757248
7,153,0.20889133214950562
7,154,0.20039069652557373
7,155,0.2189430594444275
7,156,0.18992190062999725
7,157,0.2061627358198166
7,158,0.17119982838630676
7,159,0.16118672490119934
7,160,0.26051831245422363
7,161,0.19063696265220642
7,162,0.17277580499649048
7,163,0.142008975148201
7,164,0.11256280541419983
7,165,0.09468270093202591
7,166,0.10225754976272583
7,167,0.1013428345322609
7,168,0.09756330400705338
7,169,0.09695688635110855
7,170,0.13111303746700287
7,171,0.37885797023773193
7,172,0.14940907061100006
7,173,0.11697380989789963
7,174,0.11438879370689392
7,175,0.12267843633890152
7,176,0.0637863427400589
7,177,0.1227458044886589
7,178,0.13219842314720154
7,179,0.14230526983737946
7,180,0.1854509562253952
7,181,0.1526181995868683
7,182,0.1356254667043686
7,183,0.1295938342809677
7,184,0.05388347804546356
7,185,0.060064975172281265
7,186,0.07961423695087433
7,187,0.10979323089122772
7,188,0.13215993344783783
7,189,0.12224795669317245
7,190,0.11180534213781357
7,191,0.137453094124794
7,192,0.10486207157373428
7,193,0.09886039048433304
7,194,0.10293322801589966
7,195,0.09477438032627106
7,196,0.07935947924852371
7,197,0.07447218894958496
7,198,0.08651730418205261
7,199,0.09186720103025436
7,200,0.1878044754266739
7,201,0.18895818293094635
7,202,0.15854035317897797
7,203,0.13236185908317566
7,204,0.1257227063179016
7,205,0.12220585346221924
7,206,0.1197352260351181
7,207,0.11284039169549942
7,208,0.10004624724388123
7,209,0.20249468088150024
7,210,0.15189233422279358
7,211,0.12183945626020432
7,212,0.11321046948432922
7,213,0.1366753727197647
7,214,0.13319182395935059
7,215,0.1287018060684204
7,216,0.08911476284265518
7,217,0.07513972371816635
7,218,0.08416064828634262
7,219,0.16688980162143707
7,220,0.13877227902412415
7,221,0.13312923908233643
7,222,0.12553052604198456
7,223,0.12577281892299652
7,224,0.1311803013086319
7,225,0.18501020967960358
7,226,0.17287376523017883
7,227,0.1425570398569107
7,228,0.13880155980587006
7,229,0.14863719046115875
7,230,0.15113112330436707
7,231,0.14678522944450378
7,232,0.08537352830171585
7,233,0.07363261282444
7,234,0.12049455940723419
7,235,0.1141330823302269
7,236,0.1006120890378952
7,237,0.09293083101511002
7,238,0.10154761373996735
7,239,0.12814944982528687
7,240,0.07696712762117386
7,241,0.22878660261631012
7,242,0.16996857523918152
7,243,0.12714196741580963
7,244,0.1510767787694931
7,245,0.14456509053707123
7,246,0.12976716458797455
7,247,0.12193091213703156
7,248,0.3953297734260559
7,249,0.20237429440021515
7,250,0.17086176574230194
7,251,0.145258367061615
7,252,0.15073293447494507
7,253,0.14310243725776672
7,254,0.13949549198150635
7,255,0.14310264587402344
7,256,0.11826608330011368
7,257,0.10911307483911514
7,258,0.10409075766801834
7,259,0.09766729176044464
7,260,0.09828875958919525
7,261,0.10029834508895874
7,262,0.1076045036315918
7,263,0.10231996327638626
7,264,0.11263162642717361
7,265,0.0724763348698616
7,266,0.0895882174372673
7,267,0.09647093713283539
7,268,0.09245316684246063
7,269,0.08273810893297195
7,270,0.0879548192024231
7,271,0.10113786906003952
7,272,0.08133140206336975
7,273,0.06571080535650253
7,274,0.10244810581207275
7,275,0.13985510170459747
7,276,0.1260530650615692
7,277,0.11459837853908539
7,278,0.12452804297208786
7,279,0.12395230680704117
7,280,0.09733589738607407
7,281,0.08036231249570847
7,282,0.08253329992294312
7,283,0.09493093937635422
7,284,0.09062656760215759
7,285,0.08633233606815338
7,286,0.07524553686380386
7,287,0.07301511615514755
7,288,0.16954848170280457
8,0,0.14728973805904388
8,1,0.12158521264791489
8,2,0.12207388132810593
8,3,0.10395070910453796
8,4,0.11669234931468964
8,5,0.11417132616043091
8,6,0.11067716032266617
8,7,0.12011062353849411
8,8,0.11166052520275116
8,9,0.06782396882772446
8,10,0.07612898200750351
8,11,0.08653666079044342
8,12,0.0892319455742836
8,13,0.10253208130598068
8,14,0.09728950262069702
8,15,0.09319209307432175
8,16,0.4716360569000244
8,17,0.17771202325820923
8,18,0.10301557928323746
8,19,0.09481233358383179
8,20,0.11001501232385635
8,21,0.11146736890077591
8,22,0.11602213233709335
8,23,0.11658237874507904
8,24,0.4994935095310211
8,25,0.2083614021539688
8,26,0.14732012152671814
8,27,0.1378588080406189
8,28,0.15519382059574127
8,29,0.1869983673095703
8,30,0.18224279582500458
8,31,0.15976668894290924
8,32,0.13729001581668854
8,33,0.09606117010116577
8,34,0.1428428590297699
8,35,0.13085247576236725
8,36,0.12690457701683044
8,37,0.13462170958518982
8,38,0.11938129365444183
8,39,0.1226874589920044
8,40,0.19370001554489136
8,41,0.14190047979354858
8,42,0.14424863457679749
8,43,0.12852415442466736
8,44,0.1121615543961525
8,45,0.16468587517738342
8,46,0.16520503163337708
8,47,0.14942672848701477
8,48,0.06433572620153427
8,49,0.05322624370455742
8,50,0.05287827551364899
8,51,0.046127479523420334
8,52,0.12083003669977188
8,53,0.1544783115386963
8,54,0.13076721131801605
8,55,0.12632696330547333
8,56,0.0656672939658165
8,57,0.07872366905212402
8,58,0.12176403403282166
8,59,0.13891468942165375
8,60,0.11992020159959793
8,61,0.13380447030067444
8,62,0.12931343913078308
8,63,0.1273745894432068
8,64,0.04273724555969238
8,65,0.07107789814472198
8,66,0.11491609364748001
8,67,0.12808197736740112
8,68,0.10510069131851196
8,69,0.08948493003845215
8,70,0.13395142555236816
8,71,0.12207968533039093
8,72,0.03907737135887146
8,73,0.12635287642478943
8,74,0.10328347980976105
8,75,0.10971646755933762
8,76,0.15057802200317383
8,77,0.1474408358335495
8,78,0.1440514177083969
8,79,0.1391131728887558
8,80,0.11569150537252426
8,81,0.13762319087982178
8,82,0.11321334540843964
8,83,0.1406608521938324
8,84,0.12079788744449615
8,85,0.13017964363098145
8,86,0.15718430280685425
8,87,0.147727370262146
8,88,0.17205147445201874
8,89,0.11777698993682861
8,90,0.10183733701705933
8,91,0.08769256621599197
8,92,0.12573572993278503
8,93,0.11312904208898544
8,94,0.13291780650615692
8,95,0.14306823909282684
8,96,0.10202392935752869
8,97,0.11270973086357117
8,98,0.10264846682548523
8,99,0.0761483907699585
8,100,0.09452079236507416
8,101,0.09165886789560318
8,102,0.0891098901629448
8,103,0.12299276888370514
8,104,0.10949661582708359
8,105,0.08929523825645447
8,106,0.10221768170595169
8,107,0.09079835563898087
8,108,0.08438558131456375
8,109,0.08075539022684097
8,110,0.07328516989946365
8,111,0.09143678843975067
8,112,0.07614129781723022
8,113,0.07769042253494263
8,114,0.07216212153434753
8,115,0.0872340127825737
8,116,0.09233327209949493
8,117,0.08834981918334961
8,118,0.08116085827350616
8,119,0.07676868140697479
8,120,0.11715739220380783
8,121,0.08366995304822922
8,122,0.1352325677871704
8,123,0.1268453747034073
8,124,0.11359510570764542
8,125,0.09790705889463425
8,126,0.09922054409980774
8,127,0.09409499913454056
8,128,0.08737734705209732
8,129,0.09781067818403244
8,130,0.07608475536108017
8,131,0.06918854266405106
8,132,0.06354694813489914
8,133,0.06773942708969116
8,134,0.07735233008861542
8,135,0.082791768014431
8,136,0.089460588991642
8,137,0.09576505422592163
8,138,0.07154837995767593
8,139,0.10817623138427734
8,140,0.12893222272396088
8,141,0.1298837810754776
8,142,0.11489523202180862
8,143,0.11768448352813721
8,144,0.09970103204250336
8,145,0.0990101620554924
8,146,0.078755222260952
8,147,0.06819385290145874
8,148,0.06738842278718948
8,149,0.06461051106452942
8,150,0.07117250561714172
8,151,0.07720053195953369
8,152,0.15991339087486267
8,153,0.11476868391036987
8,154,0.11325585842132568
8,155,0.09570379555225372
8,156,0.10632948577404022
8,157,0.09199997037649155
8,158,0.17182664573192596
8,159,0.16427144408226013
8,160,0.11579079926013947
8,161,0.10706494748592377
8,162,0.10899962484836578
8,163,0.1091870442032814
8,164,0.09810461848974228
8,165,0.10436942428350449
8,166,0.10103951394557953
8,167,0.12595894932746887
8,168,0.2036340981721878
8,169,0.14912833273410797
8,170,0.1381158083677292
8,171,0.1114063709974289
8,172,0.11168219149112701
8,173,0.12150795757770538
8,174,0.12019748985767365
8,175,0.11137352883815765
8,176,0.04429023712873459
8,177,0.0717872902750969
8,178,0.0727904736995697
8,179,0.08642267435789108
8,180,0.08275812864303589
8,181,0.0817689523100853
8,182,0.09398873895406723
8,183,0.0934280976653099
8,184,0.032986901700496674
8,185,0.045704249292612076
8,186,0.05025747790932655
8,187,0.07846160233020782
8,188,0.07820039987564087
8,189,0.15570423007011414
8,190,0.1285790205001831
8,191,0.10194700211286545
8,192,0.044602375477552414
8,193,0.059217873960733414
8,194,0.10488995909690857
8,195,0.10342609882354736
8,196,0.1089688166975975
8,197,0.10103410482406616
8,198,0.12252823263406754
8,199,0.11643298715353012
8,200,0.0698554590344429
8,201,0.0665612518787384
8,202,0.07919543981552124
8,203,0.09875383973121643
8,204,0.1258215457201004
8,205,0.10908851772546768
8,206,0.08960695564746857
8,207,0.07815737277269363
8,208,0.05322626605629921
8,209,0.0824538916349411
8,210,0.17149262130260468
8,211,0.10952289402484894
8,212,0.11027327924966812
8,213,0.10987357795238495
8,214,0.096575066447258
8,215,0.08890415728092194
8,216,0.042281463742256165
8,217,0.19623039662837982
8,218,0.16959130764007568
8,219,0.13356749713420868
8,220,0.1498291790485382
8,221,0.1391524225473404
8,222,0.12382117658853531
8,223,0.12124434858560562
8,224,0.27804163098335266
8,225,0.13870994746685028
8,226,0.1335044652223587
8,227,0.10858104377985
8,228,0.11023711413145065
8,229,0.11407001316547394
8,230,0.12160533666610718
8,231,0.1250234693288803
8,232,0.10875219851732254
8,233,0.06438902020454407
8,234,0.06794029474258423
8,235,0.05994106084108353
8,236,0.08712238073348999
8,237,0.08195099979639053
8,238,0.08036491274833679
8,239,0.07770810276269913
8,240,0.22832746803760529
8,241,0.15959814190864563
8,242,0.1153285950422287
8,243,0.1385679543018341
8,244,0.10917067527770996
8,245,0.09236688166856766
8,246,0.0981411337852478
8,247,0.09596492350101471
8,248,0.08621594309806824
8,249,0.21526120603084564
8,250,0.18590395152568817
8,251,0.1557660847902298
8,252,0.15677061676979065
8,253,0.14277304708957672
8,254,0.1343529224395752
8,255,0.12426070868968964
8,256,0.24878951907157898
8,257,0.16884274780750275
8,258,0.16754309833049774
8,259,0.13582593202590942
8,260,0.12236073613166809
8,261,0.1169745922088623
8,262,0.11676045507192612
8,263,0.11605259031057358
8,264,0.1427766978740692
8,265,0.13438162207603455
8,266,0.28979748487472534
8,267,0.17907622456550598
8,268,0.14697930216789246
8,269,0.12617869675159454
8,270,0.11084172874689102
8,271,0.09937622398138046
8,272,0.23983770608901978
8,273,0.14919008314609528
8,274,0.17775818705558777
8,275,0.2539007365703583
8,276,0.1557469666004181
8,277,0.14427398145198822
8,278,0.12210236489772797
8,279,0.1352524310350418
8,280,0.09521825611591339
8,281,0.07222108542919159
8,282,0.06469592452049255
8,283,0.08059191703796387
8,284,0.135478675365448
8,285,0.11725255846977234
8,286,0.10471051931381226
8,287,0.1090771034359932
8,288,0.07738085836172104
9,0,0.038710515946149826
9,1,0.10862426459789276
9,2,0.13797083497047424
9,3,0.11904469132423401
9,4,0.11711858958005905
9,5,0.12330792099237442
9,6,0.11943868547677994
9,7,0.11929440498352051
9,8,0.11736004054546356
9,9,0.0940740779042244
9,10,0.1016414687037468
9,11,0.09102632850408554
9,12,0.08885661512613297
9,13,0.11340557783842087
9,14,0.10754808038473129
9,15,0.09885454177856445
9,16,0.08667135238647461
9,17,0.10738008469343185
9,18,0.15402978658676147
9,19,0.1663229912519455
9,20,0.1262437254190445
9,21,0.1036515161395073
9,22,0.12327104061841965
9,23,0.12246258556842804
9,24,0.0786828100681305
9,25,0.09092846512794495
9,26,0.09004344046115875
9,27,0.07785434275865555
9,28,0.09994125366210938
9,29,0.09378444403409958
9,30,0.08477206528186798
9,31,0.10880155116319656
9,32,0.08572517335414886
9,33,0.11222746223211288
9,34,0.08629120886325836
9,35,0.08086267113685608
9,36,0.08935948461294174
9,37,0.11759696900844574
9,38,0.10862816870212555
9,39,0.10511234402656555
9,40,0.14006073772907257
9,41,0.11829924583435059
9,42,0.10602980107069016
9,43,0.10234881937503815
9,44,0.12003421038389206
9,45,0.1289505511522293
9,46,0.11630848050117493
9,47,0.10855288803577423
9,48,0.06044593080878258
9,49,0.08854979276657104
9,50,0.11336222290992737
9,51,0.12272768467664719
9,52,0.1060134693980217
9,53,0.12041497230529785
9,54,0.1073732078075409
9,55,0.10480017960071564
9,56,0.11819666624069214
9,57,0.24443525075912476
9,58,0.1714240461587906
9,59,0.12790536880493164
9,60,0.1018470972776413
9,61,0.09483252465724945
9,62,0.08497289568185806
9,63,0.08067663758993149
9,64,0.1705010086297989
9,65,0.11335540562868118
9,66,0.09351848810911179
9,67,0.08656084537506104
9,68,0.08251194655895233
9,69,0.10486392676830292
9,70,0.10593122243881226
9,71,0.09811834245920181
9,72,0.07815579324960709
9,73,0.0969424620270729
9,74,0.07471945881843567
9,75,0.08367558568716049
9,76,0.08302324265241623
9,77,0.10182186961174011
9,78,0.09235641360282898
9,79,0.11660070717334747
9,80,0.31943976879119873
9,81,0.07592921704053879
9,82,0.08956334739923477
9,83,0.08685445040464401
9,84,0.0812905803322792
9,85,0.08122501522302628
9,86,0.07399824261665344
9,87,0.08075179904699326
9,88,0.15063051879405975
9,89,0.21789637207984924
9,90,0.15909141302108765
9,91,0.13417108356952667
9,92,0.14509837329387665
9,93,0.1430152952671051
9,94,0.12305568903684616
9,95,0.121411994099617
9,96,0.11154022812843323
9,97,0.06199133023619652
9,98,0.06033722311258316
9,99,0.11910610646009445
9,100,0.1017962396144867
9,101,0.08766195923089981
9,102,0.09098262339830399
9,103,0.08611632883548737
9,104,0.32929527759552
9,105,0.1505148559808731
9,106,0.11445658653974533
9,107,0.09110740572214127
9,108,0.10587690025568008
9,109,0.1196838840842247
9,110,0.15490031242370605
9,111,0.14916636049747467
9,112,0.1149153858423233
9,113,0.07533998787403107
9,114,0.08670850843191147
9,115,0.09159023314714432
9,116,0.08864491432905197
9,117,0.09504437446594238
9,118,0.10100670158863068
9,119,0.09833277761936188
9,120,0.18079327046871185
9,121,0.12900753319263458
9,122,0.23916392028331757
9,123,0.11876294016838074
9,124,0.09424839168787003
9,125,0.14786837995052338
9,126,0.12758420407772064
9,127,0.11847618222236633
9,128,0.18272103369235992
9,129,0.10704141110181808
9,130,0.09314250200986862
9,131,0.10544106364250183
9,132,0.11134140193462372
9,133,0.10322745144367218
9,134,0.09136590361595154
9,135,0.10960416495800018
9,136,0.049103084951639175
9,137,0.1401795893907547
9,138,0.13440707325935364
9,139,0.11007246375083923
9,140,0.15410293638706207
9,141,0.152006134390831
9,142,0.13193710148334503
9,143,0.1212833896279335
9,144,0.08770069479942322
9,145,0.08132705092430115
9,146,0.08797815442085266
9,147,0.10987785458564758
9,148,0.08813703805208206
9,149,0.08338768780231476
9,150,0.08010535687208176
9,151,0.08112979680299759
9,152,0.10550054162740707
9,153,0.08388950675725937
9,154,0.07870101928710938
9,155,0.07317140698432922
9,156,0.07162608951330185
9,157,0.07998847961425781
9,158,0.0921366810798645
9,159,0.08970949053764343
9,160,0.28239351511001587
9,161,0.08883459866046906
9,162,0.09126412123441696
9,163,0.10857941955327988
9,164,0.11553533375263214
9,165,0.10858072340488434
9,166,0.10120400786399841
9,167,0.1078321784734726
9,168,1.022696852684021
9,169,0.2144274264574051
9,170,0.2128496617078781
9,171,0.30415117740631104
9,172,0.2801239788532257
9,173,0.21662016212940216
9,174,0.1582229882478714
9,175,0.15270470082759857
9,176,0.05005890130996704
9,177,0.06687627732753754
9,178,0.12813466787338257
9,179,0.17766450345516205
9,180,0.15539872646331787
9,181,0.13056236505508423
9,182,0.11526675522327423
9,183,0.10491083562374115
9,184,0.2548374831676483
9,185,0.1794186681509018
9,186,0.1982891857624054
9,187,0.17681588232517242
9,188,0.1826455444097519
9,189,0.17489935457706451
9,190,0.1591855138540268
9,191,0.13883328437805176
9,192,0.06140037626028061
9,193,0.09623925387859344
9,194,0.24014025926589966
9,195,0.2302364856004715
9,196,0.16388298571109772
9,197,0.15380743145942688
9,198,0.18749965727329254
9,199,0.17406082153320312
9,200,0.22450028359889984
9,201,0.22903655469417572
9,202,0.1677241325378418
9,203,0.21031557023525238
9,204,0.17211465537548065
9,205,0.16626589000225067
9,206,0.14041654765605927
9,207,0.13036377727985382
9,208,0.1008668839931488
9,209,0.12298602610826492
9,210,0.10549040138721466
9,211,0.14054301381111145
9,212,0.12902742624282837
9,213,0.11483435332775116
9,214,0.11313129216432571
9,215,0.11682409793138504
9,216,0.14125731587409973
9,217,0.1343730092048645
9,218,0.1149587482213974
9,219,0.10565569996833801
9,220,0.09311530739068985
9,221,0.13740181922912598
9,222,0.15678787231445312
9,223,0.13412357866764069
9,224,0.15506812930107117
9,225,0.1027238667011261
9,226,0.10446805506944656
9,227,0.11448971182107925
9,228,0.0976654514670372
9,229,0.09183769673109055
9,230,0.09102275967597961
9,231,0.09357462078332901
9,232,0.057198312133550644
9,233,0.05846131965517998
9,234,0.14952339231967926
9,235,0.18285132944583893
9,236,0.1434534341096878
9,237,0.12075802683830261
9,238,0.11854060739278793
9,239,0.11601263284683228
9,240,0.0897320955991745
9,241,0.10709507018327713
9,242,0.13694846630096436
9,243,0.10149724036455154
9,244,0.1044565811753273
9,245,0.10087009519338608
9,246,0.09600336104631424
9,247,0.09053480625152588
9,248,0.13689450919628143
9,249,0.09914147108793259
9,250,0.08958440274000168
9,251,0.0998428538441658
9,252,0.08750111609697342
9,253,0.08341538161039352
9,254,0.08506475389003754
9,255,0.0848018229007721
9,256,0.05481875687837601
9,257,0.10320912301540375
9,258,0.09669318795204163
9,259,0.10500192642211914
9,260,0.10750036686658859
9,261,0.103001669049263
9,262,0.09688127785921097
9,263,0.08992845565080643
9,264,0.07743576169013977
9,265,0.06130155548453331
9,266,0.0507543683052063
9,267,0.06326381117105484
9,268,0.0859789326786995
9,269,0.07805245369672775
9,270,0.0766017958521843
9,271,0.12508314847946167
9,272,0.03178096562623978
9,273,0.035563431680202484
9,274,0.027943802997469902
9,275,0.06633694469928741
9,276,0.08139558881521225
9,277,0.08137976378202438
9,278,0.10058899968862534
9,279,0.09712542593479156
9,280,0.1578747034072876
9,281,0.14191633462905884
9,282,0.12090162187814713
9,283,0.1338476687669754
9,284,0.1153484508395195
9,285,0.1031469777226448
9,286,0.09699167311191559
9,287,0.09265049546957016
9,288,0.13012385368347168
